<modification>

    <name><![CDATA[<b style="color:#1a8cff">Better</b> Latest Orders]]></name>
    <version>1.0</version>
    <author><![CDATA[<span class="label label-primary">Webxperia</span>]]></author>
    <link>https://github.com/webxperia</link>
    <code>better_Latest</code>
    <description>Better latest</description>
    
    <file path="admin/controller/extension/dashboard/recent.php">
		<operation>
			<search><![CDATA['date_added' => date($this->language->get('date_format_short'), strtotime($result['date_added'])),]]></search>
			<add position="after"><![CDATA[
				'shipping_city'=> $result['shipping_city'],
			]]></add>
		</operation>

				<operation>
			<search><![CDATA['shipping_city'=> $result['shipping_city']]></search>
			<add position="after"><![CDATA[
				'payment_method'=> $result['payment_method'],
			]]></add>
		</operation>
		
		<operation>
			<search><![CDATA['date_added' => date($this->language->get('date_format_short'), strtotime($result['date_added'])),]]></search>
			<add position="after"><![CDATA[
				'time_added' => date($this->language->get('time_format'),  strtotime($result['date_added'])),			
			]]></add>
		</operation>
	</file>

	
	<file path="admin/view/template/extension/dashboard/recent_info.twig">	
		<operation>
			<search><![CDATA[<td>{{ column_date_added }}</td>
			]]></search>
			<add position="after"><![CDATA[
			<td>City</td>
			]]></add>
		</operation>
		
				<operation>
			<search><![CDATA[<td>{{ column_customer }}</td>
			]]></search>
			<add position="replace"><![CDATA[
			<td>Payment</td>
			]]></add>
		</operation>

		<operation>
			<search><![CDATA[<td>{{ order.date_added }}</td>
			]]></search>
			<add position="after"><![CDATA[
			<td>{{ order.shipping_city }}</td>
			]]></add>
		</operation>
		
				<operation>
			<search><![CDATA[<td>{{ order.customer }}</td>
			]]></search>
			<add position="replace"><![CDATA[
			<td>{{ order.payment_method}}</td>
			]]></add>
		</operation>
		
			<operation>
			<search><![CDATA[<td>{{ order.date_added }}</td>
			]]></search>
			<add position="replace"><![CDATA[
			<td>{{ order.date_added }} {{ order.time_added }}</td>
			]]></add>
		</operation>
	</file> 

<file path="admin/model/sale/order.php">	
	
		<operation>
			<search><![CDATA[$sql = "SELECT o.order_id, CONCAT(o.firstname, ' ', o.lastname) AS customer, (SELECT os.name FROM " . DB_PREFIX . "order_status os WHERE os.order_status_id = o.order_status_id AND os.language_id = '" . (int)$this->config->get('config_language_id') . "') AS order_status, o.shipping_code, o.total, o.currency_code, o.currency_value, o.date_added, o.date_modified FROM `" . DB_PREFIX . "order` o";
			]]></search>
			<add position="replace"><![CDATA[$sql = "SELECT o.order_id, o.shipping_city, o.payment_method, CONCAT(o.firstname, ' ', o.lastname) AS customer, (SELECT os.name FROM " . DB_PREFIX . "order_status os WHERE os.order_status_id = o.order_status_id AND os.language_id = '" . (int)$this->config->get('config_language_id') . "') AS order_status, o.shipping_code, o.total, o.currency_code, o.currency_value, o.date_added, o.date_modified FROM `" . DB_PREFIX . "order` o";
			]]></add>
		</operation>
		
		<operation>
			<search><![CDATA[$order_query->row['order_id'],
			]]></search>
			<add position="after"><![CDATA[
			'shipping_city' => (isset($order_query->row['shipping_city']) ? $order_query->row['shipping_city'] : ''),
            'payment_method' => (isset($order_query->row['payment_method']) ? $order_query->row['payment_method'] : ''),
			]]></add>
		</operation>
	
	</file>

<file path="admin/language/en-gb/extension/dashboard/recent.php">

<operation>
<search position="replace"><![CDATA[$_['column_order_id']   = 'Order ID';]]></search>
<add><![CDATA[$_['column_order_id']   = 'Order';]]></add>
</operation>

<operation>
<search position="replace"><![CDATA[$_['column_date_added'] = 'Date Added';]]></search>
<add><![CDATA[$_['column_date_added'] = 'Date';]]></add>
</operation>

</file>


<!-- Colors in order -->
<file path="admin/view/template/extension/dashboard/recent_info.twig">
		<operation error="skip">
			<search><![CDATA[<td>{{ order.status }}</td>]]></search>
			<add position="replace"><![CDATA[
		{% if order.status == 'Shipped' %} <td><span class = "label label-info">{{ order.status }}</span></td>
		{% elseif order.status == 'Pending' %} <td><span class = "label label-warning">{{ order.status }}</span></td>
		{% elseif order.status == 'Complete' %} <td><span class = "label label-success">{{ order.status }}</span></td>
		{% elseif order.status == 'Chargeback' %} <td><span class = "label label-success">{{ order.status }}</span></td>
		{% elseif order.status == 'Processing' %} <td><span class="label label-default">{{ order.status }}</span></td>
		{% elseif order.status == 'Processed' %} <td><span class = "label label-warning">{{ order.status }}</span></td>
		{% elseif order.status == 'Refunded' %} <td><span class = "label label-warning">{{ order.status }}</span></td>
		{% elseif order.status == 'Canceled' %} <td><span class = "label label-danger">{{ order.status }}</span></td>
		{% elseif order.status == 'Chargeback' %} <td><span class = "label label-warning">{{ order.status }}</span></td>
		{% elseif order.status == 'Expired' %} <td><span class = "label label-primary">{{ order.status }}</span></td>
		{% elseif order.status == 'Reversed' %} <td><span class = "label label-danger">{{ order.status }}</span></td>
		{% elseif order.status == 'Voided' %} <td><span class = "label label-danger">{{ order.status }}</span></td>
		{% else %} <td>{{ order.status }}</td>
		{% endif %}
				]]></add>
		</operation>
	</file>

</modification>	